School Namekeyboard_arrow_down,Score 2018 - 19,Rank 2018 - 19,Citykeyboard_arrow_down,language,School Type,Posta Code,Posta Code Detailed,Lat,Long
A.S. Johnson Memorial,5.7,263,Thetford Mines,English,Public,G6G,G6G 6H3,46.0715675,-71.3009414
Alexander Galt,5.4,294,Sherbrooke,English,Public,J1M,J1M 2H4,45.3650653,-71.8148123
Alexander von Humboldt,6,222,Baie-D'Urfé,English,Private,H9X,H9X 2H7,45.416798,-73.908269
Ali Ibn Abi Talib,8.3,49,Montréal,French,Private,H4N,H4N 2T6,45.5288046,-73.6525261
Amos,4.3,405,Montréal,French,Public,H2S,H2S 3C4,45.5320867,-73.6090731
André-Laurendeau,4.9,357,Longueuil,French,Public,J3Y,J3Y 3B4,45.4903413,-73.4290032
Antoine Manseau,8,66,Joliette,French,Private,J6E,J6E 4T1,46.0261453,-73.4361781
Antoine-Bernard,6.1,209,Carleton-sur-Mer,French,Public,G0C,G0C 0A7,48.1042905,-66.1152862
Antoine-Brossard,4.5,391,Brossard,French,Public,J4Y,J4Y 1R2,45.4501849,-73.4586185
Antoine-de-Saint-Exupéry,5.7,263,Montréal,French,Public,H1R,H1R 1P9,45.5851203,-73.6016288
Antoine-Roy,3,452,Gaspé,French,Public,G4X,G4X 4G1,48.9134987,-64.4287718
Armand-Corbeil,6.6,159,Terrebonne,French,Public,J6W,J6W 3A6,45.7076494,-73.6411304
Armand-Saint-Onge,5.5,277,Amqui,French,Public,G5J,G5J 2L8,48.4610876,-67.4386045
Arménienne Sourp Hagop,7.4,102,Montréal,French,Private,H4J,H4J 1N1,45.5319151,-73.6964795
Arthur Pigeon,4.2,413,Huntingdon,French,Public,J0S,J0S 1H0,45.0885687,-74.1693749
Arvida,5.3,312,Saguenay,French,Public,G7H,G7H 7R8,48.3843871,-71.0664023
Augustin-Norbert-Morin,7.7,84,Sainte-Adèle,French,Public,J8B,J8B 2L7,45.9370758,-74.1347667
aux Quatre-Vents,5.8,243,Bonaventure,French,Public,G0C,G0C 1E0,48.0525436,-65.4864807
Barthélemy-Joliette,3.1,448,Joliette,French,Public,J6E,J6E 6E6,46.0127534,-73.4442244
Beaconsfield,6.5,166,Beaconsfield,English,Public,H9W,H9W 5G4,45.4294461,-73.862586
Beaubois,9.5,12,Montréal,French,Private,H8Y,H8Y 3T4,45.5074866,-73.7804359
Beaulieu,3.4,441,Saint-Jean-sur-Richelieu,French,Public,J2W,J2W 2G6,45.3790046,-73.3387863
Beaurivage,7,122,Saint-Agapit,French,Public,G0S,G0S 1Z0,46.5634476,-71.4385518
"Belz, Campus Jeanne-Mance",5.4,294,Montréal,English,Private,H2T,H2T 1C4,45.526047,-73.5935545
Benoît-Vachon,4.7,377,Sainte-Marie,French,Public,G6E,G6E 1E6,46.454436,-71.0296636
Beth Jacob d'Rav Hirschprung,7.5,93,Montréal,English,Private,H2V,H2V 4V6,45.5174965,-73.6237629
Beth Rivkah,8.4,40,Montréal,French,Private,H3W,H3W 1C2,45.4942849,-73.6459521
Beurling,3.9,428,Verdun,English,Public,H4H,H4H 2A9,45.4482734,-73.5863962
Bialik,8.2,56,Côte-Saint-Luc,English,Private,H4W,H4W 0A1,45.4788177,-73.6579477
Black Lake,6.3,183,Thetford Mines,French,Public,G6G,G6G 8A6,46.0715982,-71.3253384
Bon-Pasteur,4.2,413,L'Islet,French,Public,G0R,G0R 2B0,47.1201493,-70.3771324
Boudreau,1.8,464,Québec,French,Public,G1W,G1W 3H5,46.7687915,-71.2786408
Bourget,7.1,114,Rigaud,French,Private,J0P,J0P 1P0,45.4737358,-74.3083564
Bromptonville,5.7,263,Sherbrooke,French,Private,J1H,J1H 6B3,45.380945,-71.8839131
Bélanger,5.3,312,Saint-Martin,French,Public,H4N,H4N 2Z4,45.5361768,-73.6696146
C.-E.-Pouliot,3.9,428,Gaspé,French,Public,G4X,G4X 1A6,48.8369444,-64.4775
Cabano,6.8,139,Témiscouata-sur-le-Lac,French,Public,G0L,G0L 1E0,47.6976245,-68.8980789
Calixa-Lavallée,4.4,397,Montréal,French,Public,H1H,H1H 1P8,45.5976936,-73.6370831
Camille-Lavoie,7.9,74,Alma,French,Public,G8B,G8B 2E2,48.5429807,-71.6557123
Cap-Jeunesse,5.5,277,Saint-Jérôme,French,Public,J7Z,J7Z 2L4,45.7740795,-73.9785411
Cardinal-Roy,7.8,79,Québec,French,Public,G1K,G1K 8S9,46.8182594,-71.2373739
Casavant,4.9,357,Saint-Hyacinthe,French,Public,J2S,J2S 4J9,45.6318595,-72.9484375
Cavelier-De LaSalle,4.4,397,Montréal,French,Public,H8R,H8R 2K2,45.4179392,-73.6402526
Centennial,6.3,183,Greenfield Park,English,Public,J4V,J4V 3H1,45.4913357,-73.4460953
Centre académique de l'Outaouais,4.1,418,Gatineau,French,Private,J8P,J8P 1G9,45.4855081,-75.60596
Chambly,3.6,437,Saint-Lambert,English,Public,J4R,J4R 1S1,45.4985516,-73.5035633
Champagnat,6.1,209,La Tuque,French,Public,G9X,G9X 2T7,47.4386737,-72.7819778
Champagneur,5.5,277,Rawdon,French,Private,J0K,J0K 2T0,46.0440196,-73.7105803
Chanoine-Armand-Racicot,5.1,337,Saint-Jean-sur-Richelieu,French,Public,J3A,J3A 1J1,45.3333219,-73.2767076
Chanoine-Beaudet,6.1,209,Saint-Pascal,French,Public,G0L,G0L 3Y0,47.5289972,-69.805918
Charlemagne,10,1,Montréal,French,Private,H9K,H9K 1G4,45.4603765,-73.9183686
Charles-Gravel,4.5,391,Saguenay,French,Public,G7G,G7G 3N9,48.4480116,-71.0813301
Charles-Lemoyne,8.1,60,Longueuil,French,Private,J4S,J4S 1P6,45.480046,-73.4839502
Charles-Lemoyne,7.4,102,Sainte-Catherine,French,Private,J4S,J4S 1P6,45.399332,-73.5491677
Charlesbourg,5.8,243,Québec,French,Public,G1H,G1H 5L7,46.8410694,-71.254841
Chavigny,4.6,383,Trois-Rivières,French,Public,G8Z,G8Z 1Y8,46.3454095,-72.5642327
Chicoutimi,6.7,150,Saguenay,French,Private,G7N,G7N 1B9,48.3346015,-71.1023315
Chomedey-De-Maisonneuve,1.3,467,Montréal,French,Public,H1V,H1V 2R2,45.5527266,-73.5384751
Châteauguay Valley,4.6,383,Ormstown,French,Public,J0S,J0S 1K0,45.1224231,-74.0027119
Citoyen,7.5,93,Montréal,French,Private,J0S,J0S 1K0,45.1224231,-74.0027119
Cité étudiante,4.3,405,Roberval,French,Public,G8H,G8H 0C5,48.5008754,-72.2318303
Clarétain,6.3,183,Victoriaville,French,Private,G8H,G8H 0C5,48.5008754,-72.2318303
College Prep International,6.9,133,Montréal,English,Private,H4B,H4B 1S5,45.4543059,-73.6422933
Collège d'Anjou,6.7,150,Montréal,French,Private,H4B,H4B 1S5,45.4543059,-73.6422933
Collège de l'Ouest de l'Île,8.7,30,Dollard-Des Ormeaux,French,Private,H9B,H9B 2L2,45.4784281,-73.8152796
Collège de Montréal,7.5,93,Montréal,French,Private,H9B,H9B 2L2,45.4784281,-73.8152796
Collège Dina Bélanger,5.5,277,Saint-Michel-de-Bellechasse,French,Private,G0R,G0R 0B4,46.8767587,-70.9064681
Collège Français,7.8,79,Longueuil,French,Private,J4P,J4P 1B8,45.5152212,-73.5241655
Collège François-de-Laval,8.1,60,Québec,French,Private,G1R,G1R 3T5,46.8151969,-71.2064056
Collège Héritage,8.5,35,Châteauguay,French,Private,J6J,J6J 4R8,45.3740388,-73.7536508
Collège Laval,9.3,17,Laval,French,Private,J6J,J6J 4R8,45.3740388,-73.7536508
Collège Saint-Louis,10,1,Montréal,French,Public,H8T,H8T 2A4,45.4363685,-73.6974718
Collège Trinité,7.4,102,Saint-Bruno-de-Montarville,French,Private,J3N,J3N 0E3,45.535721,-73.302447
Curé-Antoine-Labelle,5.2,326,Laval,French,Public,H7L,H7L 2S8,45.605788,-73.7840613
Curé-Hébert,1.5,466,Hébertville,French,Public,G8N,G8N 1M1,48.3704544,-71.6407552
Curé-Mercure,5.2,326,Mont-Tremblant,French,Public,J8E,J8E 2T4,46.1244947,-74.5838106
d'Amos,5.1,337,Amos,French,Public,J9T,J9T 2J2,48.5801628,-78.1111363
D'Arcy McGee,6.1,209,Gatineau,English,Public,J9J,J9J 4E8,45.4224416,-75.805914
D'Iberville,5.5,277,Rouyn-Noranda,French,Public,J9X,J9X 3H5,48.234831,-79.008338
Dalbé-Viau,5.7,263,Montréal,French,Public,H8S,H8S 1P3,45.442706,-73.679058
Daniel-Johnson,2.5,460,Montréal,French,Public,H1B,H1B 2G4,45.6494216,-73.4961242
de Champigny,7,122,Québec,French,Private,G1M,G1M 2G4,46.8116764,-71.2618861
de Gaspé,6.5,166,Gaspé,French,Public,G4X,G4X 4C9,49.0686995,-64.4907911
de L'Achigan,3.2,446,Saint-Roch-de-l'Achigan,French,Public,J5X,J5X 4S9,45.8627696,-73.5943648
de l'Amitié,3.1,448,L'Assomption,French,Public,J5X,J5X 4S9,45.8627696,-73.5943648
de L'Ancienne-Lorette,5.8,243,L'Ancienne-Lorette,French,Public,G2E,G2E 1V1,46.7986062,-71.3601059
de L'Escale,4.6,383,Asbestos,French,Public,J1T,J1T 1V9,45.7735242,-71.9290444
de l'Odyssée,5.2,326,Terrebonne,French,Public,J1T,J1T 1V9,45.7735242,-71.9290444
de l'Odyssée,5.8,243,Saguenay,French,Public,J1T,J1T 1V9,48.4179042,-71.0630876
de L'Érablière,5.3,312,Saint-Félix-de-Valois,French,Public,J0K,J0K 2J0,46.1665669,-73.4328931
de L'Érablière,5.3,312,Gatineau,French,Public,J0K,J0K 2J0,45.4933711,-75.7385815
de L'Île,5.4,294,Gatineau,French,Public,J8X,J8X 2T5,45.4360129,-75.7229625
de la Baie-Saint-François,5.4,294,Salaberry-de-Valleyfield,French,Public,J6T,J6T 5H6,45.2393383,-74.1147194
de la Courvilloise,6.2,201,Québec,French,Public,J6T,J6T 5H6,45.2393383,-74.1147194
de la Haute-Ville,5.1,337,Granby,French,Public,J2G,J2G 4P5,45.405883,-72.7157533
de la Magdeleine,6.5,166,La Prairie,French,Public,J5R,J5R 3E9,45.4041448,-73.5021558
de la Montée,6,222,Sherbrooke,French,Public,J1H,J1H 5E7,45.3874561,-71.883101
de la Rencontre,5.3,312,Saint-Pamphile,French,Public,G0R,G0R 3L0,46.9591226,-69.7842916
de la Rive,1.6,465,Lavaltrie,French,Public,J5T,J5T 1H2,45.8711705,-73.2912929
de la Ruche,6.5,166,Magog,French,Public,J1X,J1X 7J8,45.276934,-72.1409376
de la Seigneurie,6.3,183,Québec,French,Public,J0G,J0G 0A9,46.1561383,-72.5985709
De Mortagne,7,122,Boucherville,French,Public,J4B,J4B 7P5,45.5936208,-73.4370122
de Neufchâtel,4.9,357,Québec,French,Public,G1C,G1C 0B9,46.825844,-71.3024252
De Roberval,8.4,40,Montréal,French,Public,H2P,H2P 2X6,45.5501175,-73.6252489
De Rochebelle,6.8,139,Québec,French,Public,G1V,G1V 3Y5,46.7679308,-71.2979734
des Abénaquis,4.1,418,Saint-Prosper,French,Public,G0X,G0X 0C6,46.216387,-70.4854927
des Appalaches,4,422,Sainte-Justine,French,Public,G0R,G0R 0B6,46.4072941,-70.3537612
des Baies,4.9,357,Baie-Comeau,French,Public,G4Z,G4Z 2P2,49.2031829,-68.2051377
des Berges,6.4,177,Les Bergeronnes,French,Public,G4Z,G4Z 2P2,49.2031829,-68.2051377
des Chutes,3.1,448,Rawdon,French,Public,J0K,J0K 1S0,46.050888,-73.726228
des Chutes,6.3,183,Shawinigan,French,Public,J0K,J0K 1S0,46.5602967,-72.7402164
des Deux-Rivières,3.8,432,Matapédia,French,Public,G0J,G0J 1V0,47.9768295,-66.9382246
des Grandes-Marées,4.7,377,Saguenay,French,Public,G7B,G7B 4C7,48.3229526,-70.8842559
des Hauts Sommets,0,469,Saint-Tite-des-Caps,French,Private,G7B,G7B 4C7,48.3229526,-70.8842559
des Hauts-Sommets,6.8,139,Saint-Jérôme,French,Public,J7Y,J7Y 5B1,45.8064998,-73.9960292
des Lacs,5.8,243,La Pêche,French,Public,J8V,J8V 3H5,45.64307,-76.037414
des Montagnes,5.1,337,Saint-Michel-des-Saints,French,Public,J0K,J0K 3B0,46.6821155,-73.865491
des Patriotes,5.3,312,Beauharnois,French,Public,J6N,J6N 2W8,45.3026561,-73.8696037
des Patriotes,5.8,243,Saint-Eustache,French,Public,J6N,J6N 2W8,45.5750961,-73.9071303
des Pionniers,5.4,294,Trois-Rivières,French,Public,G9A,G9A 3C5,46.3619102,-72.5557006
des Pionniers,5.5,277,Saint-Augustin-de-Desmaures,French,Public,G9A,G9A 3C5,46.7518463,-71.3786443
des Pères Maristes,8.5,35,Québec,French,Private,G1T,G1T 1R4,46.7699699,-71.260292
des Quatre-Vents,5.5,277,Saint-Félicien,French,Public,G8K,G8K 2M9,48.6484105,-72.4561477
Des Rives,6.2,201,Terrebonne,French,Public,J6W,J6W 6L1,45.7076255,-73.5776321
des Rivières,6.7,150,Forestville,French,Public,J7J,J7J 1X2,45.7108398,-73.9318888
des Sources,6.6,159,Dollard-Des Ormeaux,French,Public,H9B,H9B 2P1,45.4906825,-73.8118814
des Trois-Saisons,5.5,277,Terrebonne,French,Public,J6X,J6X 0C5,45.7139656,-73.6717615
des Îles,6.4,177,Les Îles-de-la-Madeleine,French,Public,G4T,G4T 3B4,47.3751891,-62.3832886
Deux-Montagnes,5.5,277,Deux-Montagnes,French,Public,J7R,J7R 6A2,45.5423226,-73.9062915
Disraëli,3,452,Disraeli,French,Public,J0B,J0B 3J0,45.7355069,-71.5503751
Dollard-des-Ormeaux,7.2,113,Shannon,English,Public,J0B,J0B 3J0,45.7355069,-71.5503751
Donnacona,6.2,201,Donnacona,French,Public,G3M,G3M 1Z8,46.6800244,-71.7278303
Dorval-Jean XXIII,6,222,Dorval,French,Public,G3M,G3M 1Z8,46.6800244,-71.7278303
du Chêne-Bleu,6.5,166,Pincourt,French,Public,J7V,J7V 9T2,45.3848961,-73.9721892
du Coeur-de-la-Gatineau,3,452,Gracefield,French,Public,J0X,J0X 1S0,46.0918879,-76.0537859
du Coteau,5.4,294,Mascouche,French,Public,J7L,J7L 4G5,45.7481252,-73.6343337
du Grand-Coteau,5.1,337,Sainte-Julie,French,Public,J3E,J3E 1B5,45.5807704,-73.346061
du Harfang,5.1,337,Sainte-Anne-des-Plaines,French,Public,J5N,J5N 4B4,45.7620728,-73.8209023
du Havre-Jeunesse,3.7,435,Sainte-Julienne,French,Public,J0K,J0K 2T0,45.9560105,-73.7208339
du le Mistral,4.2,413,Mont-Joli,French,Public,G5H,G5H 3K2,48.5841344,-68.201007
du Littoral,6.4,177,Grande-Rivière,French,Public,J9H,J9H 6A5,45.4036511,-75.8436668
du Mont-Bruno,5,350,Saint-Bruno-de-Montarville,French,Public,J3V,J3V 1R9,45.5339247,-73.3407056
du Mont-Sainte-Anne,5.9,231,Beaupré,French,Public,G0A,G0A 1E0,47.061762,-70.899329
du Phare,5.2,326,Sherbrooke,French,Public,J1H,J1H 4P6,45.3788974,-71.890534
du Plateau,7,122,La Malbaie,French,Public,G5A,G5A 1K2,47.6520989,-70.1564736
du Rocher,6.4,177,Shawinigan,French,Public,G9T,G9T 4M8,46.6127779,-72.6906764
du Tournant,0,469,Saint-Constant,French,Public,J5A,J5A 2S7,45.3739128,-73.5928162
du Tournesol,6,222,Windsor,French,Public,J1S,J1S 1T2,45.5732572,-71.9955364
du Transcontinental,6.7,150,Pohénégamook,French,Public,G0L,G0L 1J0,47.4751258,-69.1558948
du Triolet,5.8,243,Sherbrooke,French,Public,J1K,J1K 1Z3,45.3815542,-71.9464279
du Verbe Divin,7.4,102,Granby,French,Private,J2J,J2J 1E7,45.3965701,-72.7727167
du Versant,5.9,231,Gatineau,French,Public,J8R,J8R 3S8,45.4930292,-75.6815723
Dunton,5.1,337,Montréal,French,Public,H2V,H2V 3R8,45.5202689,-73.6070279
Durocher Saint-Lambert,9.2,20,Saint-Lambert,French,Private,J4P,J4P 2S9,45.5101454,-73.5169291
Dégelis,5.8,243,Dégelis,French,Public,G5T,G5T 0A1,47.629118,-68.5776794
Emmanuel Christian,7.5,93,Dollard-Des Ormeaux,English,Private,G5T,G5T 0A1,47.629118,-68.5776794
Esdras-Minville,4.9,357,Grande-Vallée,French,Public,G0E,G0E 0A5,49.2255748,-65.1202866
Esther Blondin,7.7,84,Saint-Jacques,French,Private,J6E,J6E 9H5,45.957962,-73.5633773
Eulalie-Durocher,2.6,459,Montréal,French,Public,H1W,H1W 3Y8,45.5352638,-73.5317052
Externat Sacré-Coeur,8.8,26,Rosemère,French,Private,J7A,J7A 4S2,45.6539198,-73.7905793
Externat Saint-Jean-Eudes,8.1,60,Québec,French,Private,G2L,G2L 2R5,46.8778689,-71.242334
F.A.C.E.,7,122,Montréal,English,Public,H3A,H3A 2A8,45.5061048,-73.5748935
FACE,6.6,159,Montréal,French,Public,H3A,H3A 2A8,45.5061048,-73.5748935
Fadette,4.2,413,Saint-Hyacinthe,French,Public,J2S,J2S 0M4,45.6330046,-72.9501458
Fernand-Lefebvre,4.3,405,Sorel-Tracy,French,Public,J3P,J3P 2J2,46.036248,-73.103488
François-Bourrin,7.1,114,Québec,French,Private,G1E,G1E 6T5,46.8625108,-71.196304
François-Delaplace,5.5,277,Waterville,French,Private,J1M,J1M 2A3,45.3420943,-71.8835675
Frenette,7.3,110,Saint-Jérôme,French,Public,J7Y,J7Y 2G6,45.7787168,-74.0115074
Fréchette,3.4,441,L'Anse-Saint-Jean,French,Public,G0V,G0V 0A5,48.1997947,-70.2391433
Félix-Leclerc,6.3,183,Repentigny,French,Public,J5Y,J5Y 3W9,45.7915601,-73.4117226
Félix-Leclerc,7.1,114,Pointe-Claire,French,Public,J5Y,J5Y 3W9,45.4491237,-73.8273023
Gabriel-Le Courtois,5.5,277,Sainte-Anne-des-Monts,French,Public,H9R,H9R 2Z8,45.4491237,-73.8273023
Georges-Vanier,4.5,391,Laval,French,Public,H7W,H7W 2P3,45.5985726,-73.6533288
Georges-Vanier,4,422,Montréal,French,Public,H7W,H7W 2P3,45.5495591,-73.6242855
Gilbert-Théberge,5,350,Témiscaming,French,Public,J0Z,J0Z 0E1,46.720941,-79.0994981
Grande-Rivière,5.8,243,Gatineau,French,Public,J9H,J9H 6A5,45.4036511,-75.8436668
Greaves Adventist,3,452,Montréal,English,Private,H4B,H4B 2P7,45.463981,-73.6230784
Gérard-Filion,3.2,446,Longueuil,French,Public,J4K,J4K 2G8,45.5114417,-73.4912441
Hebrew Academy,8.2,56,Côte-Saint-Luc,English,Private,H4W,H4W 2W8,45.4757185,-73.659579
Henri-Bourassa,6.8,139,Montréal,French,Public,H2R,H2R 2Z6,45.5324902,-73.6246372
Henri-Dunant,5.4,294,Blainville,French,Public,J7C,J7C 0C6,45.666192,-73.883255
Heritage Regional,6.1,209,Saint-Hubert,English,Public,J3Y,J3Y 3S2,45.4897016,-73.3915141
Herzliah High School,7.7,84,Montréal,English,Private,H3T,H3T 1R4,45.5093417,-73.6159666
Honoré-Mercier,4.4,397,Montréal,French,Public,H2T,H2T 2B9,45.5245061,-73.5901805
Horizon,0,469,Pointe-Claire,English,Public,H9R,H9R 1M3,45.4635355,-73.8057652
Horizon Jeunesse,5.9,231,Laval,French,Public,H7K,H7K 3L3,45.6111181,-73.7427333
Horizon-Blanc,6.6,159,Fermont,French,Public,G0G,G0G 1J0,52.7966747,-67.0916803
Hormisdas-Gamelin,6.3,183,Gatineau,French,Public,J8L,J8L 3R6,45.5871977,-75.400153
Howard S. Billings,3.9,428,Châteauguay,English,Public,J6J,J6J 3P9,45.3639756,-73.7309945
Hyacinthe-Delorme,6.3,183,Saint-Hyacinthe,French,Public,J2S,J2S 7M3,45.643873,-72.953197
Ibn Sina,5.5,277,Montréal,French,Private,J2S,J2S 7M3,45.643873,-72.953197
Institut d'Enseignement,3.9,428,Sept-Îles,French,Private,G4R,G4R 0S9,50.2169335,-66.3806987
Jacques-Rousseau,5.4,294,Longueuil,French,Public,G4R,G4R 0S9,50.2169335,-66.3806987
James Lyng,0,469,Montréal,English,Public,H4C,H4C 0B1,45.4684097,-73.5956982
Jean de la Mennais,9.5,12,La Prairie,French,Private,J5R,J5R 4H6,45.4109344,-73.4846649
Jean-Baptiste-Meilleur,6.5,166,Repentigny,French,Public,J6A,J6A 2G7,45.76237,-73.4352046
Jean-de-Brébeuf,2.9,456,Québec,French,Private,J6E,J6E 6H4,46.1216133,-73.4890684
Jean-de-Brébeuf,9.8,7,Montréal,French,Private,J6E,J6E 6H4,45.5016419,-73.6228927
Jean-Dolbeau,5.1,337,Dolbeau-Mistassini,French,Public,G8L,G8L 1V2,48.8710664,-72.2282655
Jean-du-Nord / Manikoutai,5.5,277,Sept-Îles,French,Public,G5A,G5A 3E6,47.8599889,-70.0094289
Jean-Eudes,9.7,8,Montréal,French,Private,H1X,H1X 1K7,45.5554957,-73.579071
Jean-Gauthier,4,422,Alma,French,Public,G8E,G8E 2L1,48.6388179,-71.6968871
Jean-Grou,5.4,294,Montréal,French,Public,H1E,H1E 4M9,45.6514312,-73.5805524
Jean-Jacques-Bertrand,6.8,139,Farnham,French,Public,J2N,J2N 2J4,45.27962,-72.9762648
Jean-Jacques-Rousseau,4.3,405,Boisbriand,French,Public,J7H,J7H 1K3,45.6152412,-73.854939
Jean-Nicolet,4.8,368,Nicolet,French,Public,J3T,J3T 1H8,46.2343109,-72.6190679
Jean-Raimbault,5.7,263,Drummondville,French,Public,J3T,J3T 1H8,46.2343109,-72.6190679
Jeanne-Mance,4.8,368,Drummondville,French,Public,H2H,H2H 1P6,45.5325061,-73.5691342
Jeanne-Mance,4.7,377,Montréal,French,Public,H2H,H2H 1P6,45.5095357,-73.5825159
Jeanne-Normandin,5.1,337,Montréal,French,Private,H2H,H2H 1P6,45.5325061,-73.5691342
Jeunes Musulmans Canadiens,7.1,114,Montréal,French,Private,H2H,H2H 1P6,45.5325061,-73.5691342
John F. Kennedy,4.6,383,Montréal,English,Public,H2A,H2A 1E6,45.5601795,-73.6043684
John Rennie,7.6,91,Pointe-Claire,English,Public,H2A,H2A 1E6,45.5601795,-73.6043684
Joliette,6.2,201,Joliette,English,Public,J6E,J6E 4Z8,46.0250936,-73.4484683
Jonquière,4.6,383,Saguenay,French,Public,G7S,G7S 4S5,48.4186954,-71.1427729
Joseph-François-Perrault,6.8,139,Montréal,French,Public,H2A,H2A 1M2,45.563144,-73.5998847
Joseph-François-Perrault,6.1,209,Québec,French,Public,H2A,H2A 1M2,45.563144,-73.5998847
Joseph-Hermas-Leclerc,4.9,357,Granby,French,Public,J2G,J2G 8V4,45.3774807,-72.7445278
Juvénat Notre-Dame du Saint-Laurent,8.8,26,Lévis,French,Private,G6W,G6W 7X2,46.7618928,-71.2354189
Jésus-Marie,6.3,183,Beauceville,French,Private,G5X,G5X 1T9,46.203893,-70.765129
Jésus-Marie de Sillery,8.5,35,Québec,French,Private,G1X,G1X 2H8,46.7766689,-71.2501537
Kells,5.5,277,Montréal,English,Private,H1W,H1W 0A1,45.4595076,-73.6311794
Keranna,8.4,40,Trois-Rivières,French,Private,G8Y,G8Y 0G8,46.3582365,-72.6045222
Kuper,8,66,Kirkland,English,Private,H9H,H9H 5K4,45.4521432,-73.8392158
Kénogami,6.8,139,Saguenay,French,Public,G7Z,G7Z 1J2,48.4308028,-71.2590557
L'Abri,4.6,383,Port-Cartier,French,Public,G5B,G5B 2M9,50.021595,-66.8860626
L'Académie Sainte-Thérèse,8.5,35,Sainte-Thérèse,French,Private,G5B,G5B 2M9,50.021595,-66.8860626
L'Agora,4.8,368,Longueuil,French,Public,J4V,J4V 1E8,45.4885807,-73.4516448
l'Arc-en-Ciel,5.8,243,Trois-Pistoles,French,Public,G0L,G0L 4B0,48.1188881,-69.1747897
L'Assomption,8.8,26,L'Assomption,French,Private,J5W,J5W 2C1,45.8238729,-73.4267247
l'Eau-Vive,6.9,133,Québec,French,Private,J0G,J0G 1N0,46.1241621,-72.5035119
L'Escale,5.4,294,Louiseville,French,Public,J5V,J5V 3A3,46.2493547,-72.9488513
l'Horizon,4.5,391,Repentigny,French,Public,J5Z,J5Z 3Y6,45.7635735,-73.477234
La Camaradière,5.1,337,Québec,French,Public,G1P,G1P 4G7,46.8156457,-71.3148898
La Cité étudiante,4.4,397,Maniwaki,French,Public,J9E,J9E 1P8,46.374923,-75.99877
La Cité-des-Jeunes,6.1,209,Vaudreuil-Dorion,French,Public,J7V,J7V 9H8,45.3945172,-74.0293389
La Concorde,4.6,383,Senneterre,French,Public,J0Y,J0Y 0B4,48.3916782,-77.2507658
La Découverte,4.8,368,Saint-Léonard-d'Aston,French,Public,J0C,J0C 1M0,46.1113014,-72.3719253
La Frontalière,6.1,209,Coaticook,French,Public,J1A,J1A 2J4,45.1351064,-71.8016631
La MFR,4.8,368,Saint-Romain,French,Public,G0Y,G0Y 1M0,45.7851174,-71.0917558
La Pocatière,4.7,377,La Pocatière,French,Public,G0L,G0L 1M0,47.3402094,-70.0804831
La Porte-du-Nord,6.5,166,Chibougamau,French,Public,G8P,G8P 1C1,49.920178,-74.3722349
La Poudrière,4.5,391,Drummondville,French,Public,G8P,G8P 1C1,49.920178,-74.3722349
La Samare,7.4,102,Plessisville,French,Public,G6L,G6L 3A8,46.2193364,-71.7874843
La Voie,6,222,Montréal,French,Public,H3W,H3W 2K8,45.499012,-73.6411685
Lafontaine,8.8,26,Saint-Jérôme,French,Private,H3W,H3W 2K8,45.499012,-73.6411685
Lake of Two Mountains,5.5,277,Deux-Montagnes,English,Public,J7R,J7R 7G7,45.5409124,-73.913382
Lakeside,5,350,Lachine,English,Public,H8T,H8T 1H8,45.4455065,-73.7145027
LaSalle,5.4,294,Lasalle,English,Public,J0X,J0X 2Z0,45.3890011,-77.2605984
LaurenHill,6.2,201,Saint-Laurent,English,Public,H4M,H4M 1A6,45.5035437,-73.6950492
Laurentian,5.4,294,Lachute,English,Public,J8H,J8H 4M1,45.6403262,-74.3482793
Laurentienne,7.1,114,Val-Morin,French,Private,J8B,J8B 0A9,46.0148976,-74.196104
Laurier MacDonald,5.6,273,Montréal,English,Public,H1S,H1S 2M3,45.5766593,-73.5854263
Laval Liberty,6.1,209,Laval,English,Public,H7V,H7V 3R3,45.5525836,-73.7420393
Lavigne,5.2,326,Lachute,French,Public,J8H,J8H 1A5,45.6400079,-74.3482715
Le boisé,5.8,243,Victoriaville,French,Public,G6P,G6P 5Z9,46.0487456,-71.9380188
Le Carrefour,4.4,397,Val-d'Or,French,Public,J9P,J9P 4W6,48.0951008,-77.8070003
Le Carrefour,5.7,263,Gatineau,French,Public,J9P,J9P 4W6,45.4271484,-75.724744
le Carrefour,4.5,391,Varennes,French,Public,J9P,J9P 4W6,45.6700414,-73.4297633
Le Delta,4.3,405,Matagami,French,Public,J0Y,J0Y 0B5,49.7605053,-77.626924
le Prélude,5.6,273,Mascouche,French,Public,J7K,J7K 1X8,45.7422508,-73.603278
Le Savoir,7.3,110,Montréal,French,Private,J7K,J7K 1X8,45.7422508,-73.603278
le Sommet,4.9,357,Québec,French,Public,J5V,J5V 2L4,46.1816658,-72.9194215
Le tandem,7,122,Victoriaville,French,Public,G6P,G6P 1J5,46.0596708,-71.9615204
Leblanc,6,222,Laval,French,Public,H7M,H7M 1R5,45.5916571,-73.7122641
les Compagnons-de-Cartier,6.8,139,Québec,French,Public,G1X,G1X 3Z3,46.7595733,-71.3284661
Les Estacades,5.4,294,Trois-Rivières,French,Public,G8T,G8T 5G1,46.3785363,-72.5239431
les Etchemins,4.8,368,Lévis,French,Public,G6X,G6X 1M4,46.7200761,-71.2691534
les Seigneuries,4.3,405,Saint-Pierre-les-Becquets,French,Public,G0X,G0X 0A6,46.4975946,-72.194252
Lester B. Pearson,5.4,294,Montréal-Nord,English,Public,H1G,H1G 3W8,45.6118905,-73.6171286
Letendre,7.6,91,Laval,French,Private,H7N,H7N 6G4,45.5602249,-73.7220302
Liberté-Jeunesse,5.8,243,Sainte-Marthe-sur-le-Lac,French,Public,J7R,J7R 3K5,45.5360512,-73.9300547
Lindsay Place,4.1,418,Pointe-Claire,English,Public,H9R,H9R 3Z3,45.4562377,-73.7969055
Louis-Cyr,7.5,93,Napierville,French,Public,J0J,J0J 1L0,45.1917263,-73.4041713
Louis-Jacques-Casault,5.9,231,Montmagny,French,Public,G5V,G5V 2J2,46.9845685,-70.5583985
Louis-Jobin,3.5,438,Saint-Raymond,French,Public,G3L,G3L 3N3,46.8939277,-71.8194999
Louis-Joseph-Papineau,6.4,177,Papineauville,French,Public,J0V,J0V 1W0,45.6173957,-75.0269381
Louis-Joseph-Papineau,2.5,460,Montréal,French,Public,J0V,J0V 1W0,45.5709951,-73.6329209
Louis-Philippe-Paré,6.5,166,Châteauguay,French,Public,J6K,J6K 3X4,45.3444768,-73.7675714
Louis-Riel,5.9,231,Montréal,French,Public,H1M,H1M 1G9,45.582626,-73.5558581
Louis-Saint-Laurent,5.8,243,East Angus,French,Public,J0B,J0B 1R0,45.4911602,-71.6513191
Louise-Trichet,7.1,114,Montréal,French,Public,H1L,H1L 1W9,45.5980774,-73.526422
Loyola,8.3,49,Montréal,English,Private,H4B,H4B 1R9,45.4568895,-73.6395365
Lucien-Pagé,4,422,Montréal,French,Public,H2P,H2P 3A1,45.5390828,-73.6330162
Lucille-Teasdale,9.2,20,Brossard,French,Public,J4X,J4X 1N3,45.4487298,-73.477862
Lucille-Teasdale,6.3,183,Blainville,French,Public,J4X,J4X 1N3,45.6982806,-73.8987194
Lévis,9,24,Lévis,French,Private,G0Z,G0Z 1J0,46.1359821,-72.3765974
M.I.N.D.,5.7,263,Montréal,English,Public,H2T,H2T 2V9,45.5197057,-73.5888041
MacDonald,4.9,357,Sainte-Anne-de-Bellevue,English,Public,H9X,H9X 2E5,45.4066252,-73.9449419
MacLean Memorial,5.2,326,Chibougamau,English,Public,G8P,G8P 2E7,49.9151901,-74.3665237
Marcel-Landry,5.3,312,Saint-Jean-sur-Richelieu,French,Public,J2X,J2X 2P6,45.2952698,-73.2334491
Marcel-Raymond,6.5,166,Lorrainville,French,Public,J0Z,J0Z 0B7,47.3540668,-79.3492565
Marcelle-Mallet,7.8,79,Lévis,French,Private,G6V,G6V 3T6,46.8097171,-71.1849219
Marcellin-Champagnat,8.4,40,Saint-Jean-sur-Richelieu,French,Private,J2X,J2X 1A3,45.3176641,-73.2481258
Marguerite-De Lajemmerais,5.2,326,Montréal,French,Public,H4A,H4A 1W4,45.571345,-73.5513689
Marie-Anne,2.7,458,Montréal,French,Public,H3L,H3L 1H1,45.5475834,-73.6584667
Marie-Clarac,6.9,133,Montréal,French,Private,H1H,H1H 4W4,45.5922354,-73.6492958
Marie-de-l'Incarnation,7.9,74,Trois-Rivières,French,Private,G9C,G9C 1C9,46.3454095,-72.5557006
Marie-Reine-du-Clergé,5.7,263,Métabetchouan--Lac-à-la-Croix,French,Private,G8G,G8G 1P6,48.4389254,-71.8430119
Marie-Rivier,5.8,243,Drummondville,French,Public,J2C,J2C 5M1,45.89785,-72.502449
Marymount,5,350,Montréal,English,Public,H3W,H3W 1Z5,45.4823057,-73.6202077
Massey-Vanier,5.4,294,Cowansville,English,Public,J2K,J2K 3R9,45.2091992,-72.7743136
Matane,4.8,368,Matane,French,Public,G4W,G4W 9H4,48.7961549,-67.4827266
Maïmonide (Jacob Safra),7.4,102,Montréal,French,Private,H4W,H4W 3C5,45.4839953,-73.6679362
Maïmonide (Parkhaven),8.3,49,Côte-Saint-Luc,French,Private,H4W,H4W 0A2,45.4674032,-73.6619145
Michèle-Provost,6.3,183,Montréal,French,Private,H3G,H3G 1B3,45.4983801,-73.5863827
Mirabel,7,122,Mirabel,French,Public,J7N,J7N 2W1,45.6535315,-74.058785
Miss Edgar's & Miss Cramp's,8.4,40,Westmount,English,Private,H3Y,H3Y 3H6,45.4912645,-73.5969178
Mitchell - Montcalm,6.7,150,Sherbrooke,French,Public,J1J,J1J 1S8,45.4037694,-71.9136001
Monique-Proulx,6.6,159,Warwick,French,Public,J0A,J0A 1J0,45.9400114,-71.9933569
Monseigneur Sévigny,5.7,263,Chandler,French,Public,G0C,G0C 0A8,48.3544278,-64.6856396
Monseigneur-A.-M.-Parent,3.3,444,Longueuil,French,Public,G0C,G0C 0A8,48.3544278,-64.6856396
Monseigneur-Euclide-Théberge,4.7,377,Marieville,French,Public,J3M,J3M 0G8,45.4317344,-73.1495304
Monseigneur-Labrie,4.4,397,Havre-Saint-Pierre,French,Public,G0G,G0G 0B1,50.2440763,-63.5999918
Monseigneur-Richard,5.9,231,Montréal,French,Public,H4G,H4G 3B3,45.4701499,-73.5601196
Mont Notre-Dame,8.7,30,Sherbrooke,French,Private,J1H,J1H 4L8,45.4016398,-71.8922038
Mont-Bleu,5.8,243,Gatineau,French,Public,J8Z,J8Z 1L3,45.4618107,-75.7708928
Mont-de-La Salle,5.3,312,Laval,French,Public,H7N,H7N 4E5,45.5548318,-73.6888831
Mont-Royal,8.6,34,Mont-Royal,French,Private,H3R,H3R 2B2,45.51326,-73.637754
Mont-Royal,7,122,Montréal,French,Private,H3R,H3R 2B2,45.51326,-73.637754
Mont-Sacré-Coeur,7.1,114,Granby,French,Private,J2H,J2H 0A5,45.3920915,-72.7077242
Mont-Saint-Louis,9.3,17,Montréal,French,Private,H2C,H2C 1J6,45.5692097,-73.6582278
Mont-Saint-Sacrement,8.3,49,Saint-Gabriel-de-Valcartier,French,Private,G0A,G0A 4S0,46.9783354,-71.5021535
Mont-Sainte-Anne,5.3,312,Sherbrooke,French,Private,J1N,J1N 3V5,45.3705278,-71.9321204
Montignac,6.1,209,Lac-Mégantic,French,Public,G6B,G6B 2V5,45.5968214,-70.9338097
Monts,6.3,183,Sainte-Agathe-des-Monts,French,Public,J8C,J8C 3S8,46.0805596,-74.3042835
Natagan,2.9,456,Barraute,French,Public,J0Y,J0Y 0B9,48.4391784,-77.6337661
Nicolas-Gatineau,5.4,294,Gatineau,French,Public,J8P,J8P 7L9,45.4991079,-75.6456805
Normandin,5.9,231,Normandin,French,Public,G0X,G0X 2C0,47.1699765,-73.046366
North Star,6.5,166,Laval,English,Private,H7W,H7W 4T8,45.5305569,-73.7809504
Notre Dame de Nareg,6.3,183,Laval,French,Private,H7V,H7V 3N9,45.5423089,-73.7326372
Notre-Dame,7.8,79,Rivière-du-Loup,French,Private,G9B,G9B 7Z1,46.4844196,-72.8473444
Notre-Dame,8,66,Montréal,French,Private,G9B,G9B 7Z1,46.4844196,-72.8473444
Notre-Dame-de-l'Assomption,5,350,Nicolet,French,Private,J3T,J3T 1Z7,46.2328394,-72.6151121
Notre-Dame-de-Lourdes,8.2,56,Longueuil,French,Private,J4P,J4P 3G3,45.51521,-73.512326
Notre-Dame-des-Servite,4.3,405,Ayer's Cliff,French,Private,J0B,J0B 1W0,45.1761703,-72.0685119
Nouvelles Frontières,9,24,Gatineau,French,Private,J8Y,J8Y 1W9,45.4435023,-75.7489432
Oka,6.4,177,Oka,French,Public,J7V,J7V 7X1,45.4736793,-74.0821235
Options II,2.2,462,Montréal,English,Public,H4E,H4E 1T4,45.458799,-73.587174
Ozias-Leduc,5.9,231,Mont-Saint-Hilaire,French,Public,J3H,J3H 3N2,45.5686672,-73.1845784
Pamphile-Le May,5,350,Sainte-Croix,French,Public,G0S,G0S 2H0,46.6213927,-71.7430573
Paspébiac,7,122,Paspébiac,French,Public,G0C,G0C 0B5,48.0441924,-65.2457711
Pasteur,9.6,9,Montréal,French,Private,H4J,H4J 1A9,45.5330107,-73.7223489
Paul-Arseneau,5.8,243,L'Assomption,French,Public,H4J,H4J 1A9,45.5330107,-73.7223489
Paul-Germain-Ostiguy,3.5,438,Saint-Césaire,French,Public,J3G,J3G 0R5,45.410549,-73.01287
Paul-Gérin-Lajoie-d'Outremont,6.6,159,Montréal,French,Public,H2V,H2V 1Y7,45.519779,-73.6059652
Paul-Hubert,5.2,326,Rimouski,French,Public,G5L,G5L 7A7,48.4353027,-68.518959
Paul-Le Jeune,5.9,231,Saint-Tite,French,Public,G0X,G0X 2Z0,46.7324461,-72.5591138
Perspectives II,0.6,468,Montréal,English,Public,H2A,H2A 2K9,45.5681998,-73.6007306
Philemon Wright,6.6,159,Gatineau,English,Public,J8Z,J8Z 1S3,45.4661605,-75.7489752
Phoenix,3.1,448,Laval,English,Public,J8Z,J8Z 1S3,45.4661605,-75.7489752
Pierre-Bédard,5.2,326,Saint-Rémi,French,Public,J5A,J5A 0M6,45.2558848,-73.6155757
Pierre-de-Lestage,3.5,438,Berthierville,French,Public,J0K,J0K 1A0,46.0825514,-73.1927673
Pierre-Dupuy,4,422,Montréal,French,Public,H2V,H2V 4T6,45.5093417,-73.6000866
Pierre-Laporte,8.1,60,Mont-Royal,French,Public,H3P,H3P 2X8,45.5233854,-73.6366125
Pierrefonds,6.9,133,Pierrefonds,English,Public,H3P,H3P 2X8,45.5233854,-73.6366125
Pointe-aux-Trembles,5.9,231,Montréal,French,Public,H1T,H1T 3E3,45.5678704,-73.5723396
Pointe-Lévy,6,222,Lévis,French,Public,G6V,G6V 5T1,46.8022095,-71.1750172
Polybel,4.3,405,Beloeil,French,Public,J3G,J3G 2M1,45.5716169,-73.218151
Polyno,5.2,326,La Sarre,French,Public,J9Z,J9Z 1M4,48.8032388,-79.2053984
Polyvalente Sainte-Thérèse,5.7,263,Sainte-Thérèse,French,Public,J7E,J7E 4T6,45.6496178,-73.8270372
Pontiac,3.8,432,Shawville,English,Public,J0X,J0X 2P0,45.6085236,-76.4936904
Père-Marquette,4.9,357,Montréal,French,Public,H1W,H1W 2Z9,45.5419824,-73.5413501
Quebec,4.8,368,Québec,English,Public,H1W,H1W 2Z9,45.5419824,-73.5413501
Regina Assumpta,9.4,15,Montréal,French,Private,H2C,H2C 1X6,45.5644125,-73.650018
Reine-Marie,6.3,183,Montréal,French,Private,H2C,H2C 1X6,45.5644125,-73.650018
Richmond,5.3,312,Richmond,English,Public,G3Z,G3Z 0L5,49.1612004,-123.1427059
Rive-Nord,8.1,60,Bois-des-Filion,French,Public,J6Z,J6Z 1M9,45.6702421,-73.760366
Riverdale,5.4,294,Pierrefonds,English,Public,H8Z,H8Z 3G1,45.5101129,-73.8249609
Riverside,5.3,312,Saguenay,English,Public,G7S,G7S 3B1,48.4332787,-71.1835605
Rivier,6.1,209,Coaticook,French,Private,J1A,J1A 2R4,45.1376358,-71.79649
Rivière-des-Quinze,6.2,201,Notre-Dame-du-Nord,French,Public,J0Z,J0Z 2Z0,47.59106,-79.4903121
Rivière-du-Loup,5.5,277,Rivière-du-Loup,French,Public,G5R,G5R 1R8,47.8310317,-69.5322923
Robert-Gravel,7.7,84,Montréal,French,Public,G5R,G5R 1R8,47.8310317,-69.5322923
Robert-Ouimet,5.9,231,Acton Vale,French,Public,J0H,J0H 1Z0,45.6579246,-72.571289
Roger-Comtois,4.1,418,Québec,French,Public,G2A,G2A 1P2,46.8539439,-71.3652016
Rosemere,6.5,166,Rosemère,English,Public,J7A,J7A 3N4,45.6478206,-73.7862852
Rosemount,5.3,312,Montréal,English,Public,H1X,H1X 2T2,45.5594942,-73.5833782
Royal Vale,7,122,Montréal,English,Public,H3X,H3X 2A4,45.475216,-73.63255
Royal West,8.7,30,Montréal-Ouest,English,Public,H4X,H4X 1K5,45.4504836,-73.6432527
Sacred Heart,8.4,40,Montréal,English,Private,H3J,H3J 2Z6,45.4951514,-73.5883563
Sacré-Coeur,7.1,114,Grenville-sur-la-Rouge,French,Private,J0V,J0V 0B8,45.6464415,-74.7499404
Sacré-Coeur,8.7,30,Sherbrooke,French,Private,J0V,J0V 0B8,45.4187959,-72.2602192
Saint-Alexandre,9.5,12,Gatineau,French,Private,J8V,J8V 1E7,45.493059,-75.750335
Saint-Anselme,5.1,337,Saint-Anselme,French,Public,G0R,G0R 2N0,46.6339014,-70.9867889
Saint-Aubin,6.8,139,Baie-Saint-Paul,French,Public,G3Z,G3Z 0L9,47.4394763,-70.5145541
Saint-Bernard,5.3,312,Drummondville,French,Private,J2B,J2B 1J8,45.8759952,-72.4795151
Saint-Charles,5.6,273,Saint-Charles-de-Bellechasse,French,Public,J2B,J2B 1J8,45.8759952,-72.4795151
Saint-Charles-Garnier,8,66,Québec,French,Private,G0L,G0L 3K0,47.5683938,-69.6452499
Saint-Damien,7.3,110,Saint-Damien-de-Buckland,French,Public,G0L,G0L 3K0,47.5683938,-69.6452499
Saint-Edmond,7.5,93,Longueuil,French,Public,J4K,J4K 2Z6,45.5143102,-73.4980506
Saint-François,6.7,150,Beauceville,French,Private,G5X,G5X 1S2,46.2107435,-70.7786922
Saint-François,8,66,Saint-Augustin-de-Desmaures,French,Private,G5X,G5X 1S2,46.5945395,-71.1404229
Saint-Gabriel,6.7,150,Sainte-Thérèse,French,Public,J7E,J7E 1L6,45.6397158,-73.8401614
Saint-Georges,4.4,397,Saint-Georges,French,Public,H9P,H9P 1T8,45.4534942,-73.7739479
Saint-Georges,5.8,243,Senneville,French,Public,H9P,H9P 1T8,45.4130478,-73.9509276
Saint-Henri,3.8,432,Montréal,French,Public,H4C,H4C 2Z2,45.4773017,-73.5915612
Saint-Hilaire,8.5,35,Mont-Saint-Hilaire,French,Private,H4C,H4C 2Z2,45.4773017,-73.5915612
Saint-Jean-Baptiste,5,350,Longueuil,French,Public,J4K,J4K 4L1,45.5247421,-73.5095497
Saint-Jean-Vianney,7,122,Montréal,French,Private,H1A,H1A 0E3,45.6916653,-73.5196716
Saint-Joseph,6.3,183,Mont-Laurier,French,Private,J9L,J9L 2S6,46.5587061,-75.5012312
Saint-Joseph,6.7,150,Trois-Rivières,French,Private,J9L,J9L 2S6,46.344426,-72.5557006
Saint-Joseph,8,66,Saint-Hyacinthe,French,Private,J9L,J9L 2S6,45.6329303,-72.9631834
Saint-Joseph de Hull,10,1,Gatineau,French,Private,J8X,J8X 3T4,45.4314995,-75.710547
Saint-Jérôme,7.8,79,Saint-Jérôme,French,Public,J5L,J5L 2R3,45.796479,-74.0437051
Saint-Laurent,5.1,337,Montréal,French,Public,H3R,H3R 2H9,45.5043639,-73.6496519
Saint-Louis,8.1,60,Québec,French,Private,H3S,H3S 2J2,45.5094972,-73.6266649
Saint-Luc,7.5,93,Montréal,French,Public,H4V,H4V 2W8,45.4738639,-73.6435013
Saint-Marc,5.6,273,Saint-Marc-des-Carrières,French,Public,H4V,H4V 2W8,45.4738639,-73.6435013
Saint-Maurice,7.7,84,Saint-Hyacinthe,French,Private,J2S,J2S 4E4,45.6366332,-72.9542864
Saint-Maxime,4.9,357,Laval,French,Public,J2S,J2S 4E4,45.6366332,-72.9542864
Saint-Michael,4.6,383,Low,English,Public,J0X,J0X 2C0,45.8101432,-75.9477501
Saint-Nom-de-Marie,10,1,Montréal,French,Private,H2V,H2V 2T5,45.5118689,-73.6126303
Saint-Paul,8,66,Varennes,French,Private,J3X,J3X 1R6,45.6851101,-73.4420094
Saint-Pierre et des Sentiers,6.3,183,Québec,French,Public,G2L,G2L 2A9,46.886516,-71.267899
Saint-Sacrement,9.3,17,Terrebonne,French,Private,J6W,J6W 1M9,45.6994567,-73.6381594
Saint-Stanislas,8.2,56,Saint-Jérôme,French,Public,J7Z,J7Z 2Z3,45.7633652,-73.9904659
Sainte-Anne,7.7,84,Daveluyville,French,Public,G0Z,G0Z 0A4,46.2032852,-72.1393585
Sainte-Anne de La Pocatière,7.7,84,La Pocatière,French,Private,G0L,G0L 1M0,47.4068215,-70.0940385
Sainte-Anne de Lachine,9.6,9,Montréal,French,Private,G0L,G0L 1M0,47.4068215,-70.0940385
Sainte-Marcelline,9.4,15,Montréal,French,Private,H4M,H4M 2E6,45.5030421,-73.6820848
Sainte-Marie,6.8,139,Princeville,French,Private,G6L,G6L 4W6,46.1697386,-71.8743526
Sainte-Marie,7.4,102,Shawinigan,French,Private,G6L,G6L 4W6,46.5399107,-72.7790392
Salésien,6.9,133,Sherbrooke,French,Private,J1L,J1L 1E5,45.3981766,-71.9513897
Samuel-De Champlain,5.4,294,Québec,French,Public,J0C,J0C 1M0,46.0941189,-72.3439269
Selwyn House,7.9,74,Westmount,English,Private,H3Y,H3Y 2H8,45.4860089,-73.5975487
Serge-Bouchard,5.3,312,Baie-Comeau,French,Public,G5C,G5C 3W8,49.1889699,-68.2582608
Shawinigan,4.4,397,Shawinigan,English,Public,G9N,G9N 1K2,46.5338042,-72.7522811
Sherbrooke,8.3,49,Sherbrooke,French,Private,J1H,J1H 3L9,45.4072164,-71.9041647
Sieur-de-Coulonge,6.8,139,Fort-Coulonge,French,Public,J0X,J0X 1R0,45.8555526,-76.7172622
"Skver, section française",9.2,20,Montréal,French,Private,H3S,H3S 1V9,45.5061854,-73.6241947
Sophie-Barat,6.9,133,Montréal,French,Public,H2C,H2C 3J5,45.5632719,-73.6478437
Soulanges,6.1,209,Saint-Polycarpe,French,Public,J0P,J0P 1S0,45.2976421,-74.3093677
St. George's,8.4,40,Montréal,English,Private,H3Y,H3Y 1R9,45.4939405,-73.5969681
St. John's,5.8,243,Saint-Jean-sur-Richelieu,English,Public,J5B,J5B 1V3,45.3515923,-73.523151
St. Patrick,6,222,Québec,English,Public,G1R,G1R 2C4,46.804766,-71.224195
St. Thomas,7.9,74,Pointe-Claire,English,Public,H9R,H9R 3Z3,45.4560804,-73.7968935
Ste-Agathe,5.5,277,Sainte-Agathe-des-Monts,English,Public,J8C,J8C 3S8,46.0805596,-74.3042835
The Study,9.1,23,Westmount,English,Private,H3Y,H3Y 3E8,45.4907899,-73.6005734
Thetford Mines,4,422,Thetford Mines,French,Public,G6G,G6G 4W6,46.0972289,-71.2883246
Three Rivers,4.2,413,Trois-Rivières,English,Public,G9A,G9A 1C5,46.3592777,-72.5478686
Thérèse-Martin,5.9,231,Joliette,French,Public,J6E,J6E 0C8,46.0292892,-73.4253004
Trafalgar,8,66,Montréal,English,Private,H3G,H3G 2J5,45.4987002,-73.5841316
Val-Mauricie,6.7,150,Shawinigan,French,Public,G9P,G9P 2L9,46.5224202,-72.7581837
Vanguard secteur anglophone,5.2,326,Montréal,English,Private,H4L,H4L 4T9,45.5183206,-73.6762863
Vanguard secteur francophone,7.9,74,Montréal,French,Private,H4T,H4T 1V3,45.4919993,-73.6838443
Vanier,3.7,435,Québec,French,Public,G1K,G1K 0A5,46.8139135,-71.2430444
Veilleux,4.7,377,Saint-Joseph-de-Beauce,French,Public,G0S,G0S 2V0,46.3148078,-70.8796844
Villa Maria,8.3,49,Montréal,French,Private,H3W,H3W 2H3,45.4818164,-73.6170163
Villa Sainte-Marcelline,8.4,40,Westmount,French,Private,H3Y,H3Y 1K4,45.4895782,-73.6174098
Ville-Marie,5.8,243,Montréal,French,Private,H2V,H2V 0B2,45.5245624,-73.6172047
Vincent Massey,8.3,49,Montréal,English,Public,H2V,H2V 0B2,45.5245624,-73.6172047
Voyageur Memorial,0,469,Mistissini,French,Public,G0W,G0W 0A4,50.4183346,-73.8715301
West Island College,8.4,40,Dollard-Des Ormeaux,English,Private,H9B,H9B 2L2,45.4784281,-73.8152796
Westmount,6.3,183,Westmount,English,Public,H3Z,H3Z 2G1,45.4861002,-73.5935365
Westwood,6.3,183,Hudson,English,Public,J7V,J7V 3T3,45.4485965,-74.1504276
Wilbrod-Dufour,3.3,444,Alma,French,Public,G8C,G8C 0G5,48.5385232,-71.6537571
Wilfrid-Léger,5.1,337,Waterloo,French,Public,J0E,J0E 0B9,45.3425785,-72.5279
Yeshiva Gedola Merkaz Hatorah (section anglaise),7.4,102,Montréal,English,Private,H3S,H3S 2P3,45.5127271,-73.6209009
Yéshiva Yavné,7.5,93,Côte-Saint-Luc,French,Private,H4W,H4W 1L7,45.4611697,-73.6643156
Éc. le Vitrail,3.4,441,Montréal,French,Public,H2V,H2V 2Z1,45.5125446,-73.608031
École d'éducation internationale,10,1,McMasterville,French,Public,J3G,J3G 1N9,45.5494565,-73.2259805
École d'éducation internationale,9.6,9,Laval,French,Public,J3G,J3G 1N9,45.5353377,-73.7777056
École du Sas,2,463,Montréal,French,Public,H4R,H4R 1B8,45.5184545,-73.7142708
École internationale de Montréal,10,1,Westmount,French,Public,H3Y,H3Y 2E7,45.4865653,-73.5958976
École le Tremplin,6.1,209,Sainte-Geneviève-de-Batiscan,French,Public,G0X,G0X 0C3,46.543702,-72.34349
École Massey-Vanier,6,222,Cowansville,French,Public,J2K,J2K 3R9,45.2091992,-72.7743136
École sec. Anjou,4.8,368,Montréal,French,Public,H1K,H1K 3P3,45.602371,-73.5401191
école secondaire Herzliah,7.5,93,Montréal,French,Private,H3W,H3W 1R1,45.4889162,-73.6325415
École secondaire Le Tremplin,6.2,201,Malartic,French,Public,J0Y,J0Y 0B2,48.1413092,-78.1210381
École secondaire Queen Elizabeth,6.2,201,Sept-Îles,French,Public,G4R,G4R 2E1,50.211961,-66.379227
Édouard-Montpetit,4.9,357,Montréal,French,Public,H2V,H2V 2A1,45.5165208,-73.5918573
Évangéline,5.8,243,Montréal,French,Public,H3M,H3M 2T5,45.5395398,-73.6915951
